[
  {
    "line": 2,
    "elements": [
      {
        "comments": [
          {
            "line": 4,
            "value": "#@FasterFingersFirst"
          }
        ],
        "line": 5,
        "name": "Login Icompass with valid credentials",
        "description": "",
        "id": "multiple-scenario-testing;login-icompass-with-valid-credentials",
        "type": "scenario",
        "keyword": "Scenario",
        "steps": [
          {
            "result": {
              "duration": 15600534600,
              "status": "passed"
            },
            "line": 7,
            "name": "Navigate to Icompass through a browser",
            "match": {
              "location": "StepDefinitions.navigate_to_Icompass_through_a_browser()"
            },
            "keyword": "Given "
          },
          {
            "result": {
              "duration": 182026700,
              "status": "passed"
            },
            "line": 9,
            "name": "User credentials are valid username \"190122\" and password \"Love*Care\"",
            "match": {
              "arguments": [
                {
                  "val": "190122",
                  "offset": 37
                },
                {
                  "val": "Love*Care",
                  "offset": 59
                }
              ],
              "location": "StepDefinitions.user_credentials_are_valid_username_and_password(String,String)"
            },
            "keyword": "When "
          },
          {
            "result": {
              "duration": 235992400,
              "status": "passed"
            },
            "line": 11,
            "name": "Login Successfully",
            "match": {
              "location": "StepDefinitions.login_Successfully()"
            },
            "keyword": "Then "
          }
        ]
      },
      {
        "comments": [
          {
            "line": 13,
            "value": "#@SecondWife"
          }
        ],
        "line": 14,
        "name": "Displaying Climate Updates",
        "description": "",
        "id": "multiple-scenario-testing;displaying-climate-updates",
        "type": "scenario",
        "keyword": "Scenario",
        "steps": [
          {
            "result": {
              "duration": 11167612400,
              "status": "passed"
            },
            "line": 16,
            "name": "Navigate through Google url",
            "match": {
              "location": "StepDefinitions.navigate_through_Google_url()"
            },
            "keyword": "Given "
          },
          {
            "result": {
              "duration": 4737039100,
              "status": "passed"
            },
            "line": 18,
            "name": "User enter input \"Chennai Climate\"",
            "match": {
              "arguments": [
                {
                  "val": "Chennai Climate",
                  "offset": 18
                }
              ],
              "location": "StepDefinitions.user_enter_input(String)"
            },
            "keyword": "When "
          },
          {
            "result": {
              "duration": 2362803900,
              "status": "passed"
            },
            "line": 20,
            "name": "Climate details displayed",
            "match": {
              "location": "StepDefinitions.climate_details_displayed()"
            },
            "keyword": "Then "
          }
        ]
      },
      {
        "line": 23,
        "name": "Displaying Google images",
        "description": "",
        "id": "multiple-scenario-testing;displaying-google-images",
        "type": "scenario",
        "keyword": "Scenario",
        "steps": [
          {
            "result": {
              "duration": 6008907000,
              "status": "passed"
            },
            "line": 25,
            "name": "Navigate through Google url",
            "match": {
              "location": "StepDefinitions.navigate_through_Google_url()"
            },
            "keyword": "Given "
          },
          {
            "result": {
              "duration": 1418755500,
              "status": "passed"
            },
            "line": 27,
            "name": "User click on image link",
            "match": {
              "location": "StepDefinitions.user_click_on_image_link()"
            },
            "keyword": "When "
          },
          {
            "result": {
              "duration": 15100,
              "status": "passed"
            },
            "line": 29,
            "name": "Display images page",
            "match": {
              "location": "StepDefinitions.display_images_page()"
            },
            "keyword": "Then "
          }
        ]
      }
    ],
    "name": "Multiple Scenario Testing",
    "description": "",
    "id": "multiple-scenario-testing",
    "keyword": "Feature",
    "uri": "src/login.feature",
    "tags": [
      {
        "line": 1,
        "name": "@AllInOne"
      }
    ]
  }
]